insert into race (id, name, description, appearance)
values
('96f63a78-9854-4676-9df4-e6a19c9a8dde', 'Ведьма / Ведьмак', 'Представители этой расы необычайно сильны в магии, что нельзя сказать про физическую силу. Наиболее развита у них магия стихий, но колдуньи, умудренные в своем познании предрасположены и к остальным школам. Большинство ведьм и ведьмаков удлиняют свою жизнь благодаря алхимии и могут прожить более трехсот лет, а то и все четыреста. Отличительной особенность является то, что они не стареют и могут изменять свою внешность (если развит этот навык).', 'Внешность разнообразна и сходна с людской, а благодаря свойствам своей магии, представители этой расы могут изменять свой внешний облик по желанию, совершая тайный ритуал, о котором знают лишь самые умудренные из них.'),
('c6bf08ee-393f-46f6-8339-4124fb69f98b', 'Антимаг', 'Это самые обыкновенные люди, которые точно такие же, как и остальные, но единственное отличие — данный вид людей совершенно не приспособлен к использованию магии в любом её виде, кроме Антимагии. Они не могут взаимодействовать с другими энергиями, но при этом их внутренняя защита от магии весьма велика. Эти люди особенно целеустремленные и пылкие в своей деятельности, будь то ремесло, творчество или боевое поприще. Нередко среди них проявляются гении, направляющие всю свою энергию в сторону какой либо науки или же оружейные мастера. Эта раса не может использовать алхимию и артефакторику, но зелья и артефакты на них вполне действуют.', ''),
('6bfeff20-95a2-4cc7-9da5-3ce6f9d0730d', 'Темные эльфы (Кронкай)', 'До великого разлома все эльфы жили в мире, пока не появились те, кто создал культ черной луны, впоследствии они стали звать себя темными эльфами и ушли из столицы эльфов, избрав для себя другой путь. Шли годы, столетия, которые полностью изменили эту расу. Изменение коснулись как внешних факторов, так и магии, которую практикую темные. Более того, они присягнули на верность своей госпоже — Феланурис и с тех пор их культура основательно была пересмотрена в пользу новой покровительницы. Отличаются гибким умом, коварством, жадностью к изучению новых знаний и эгоцентризмом, который после раскола только возрос. Предпочитают действовать из тени и разумно расходовать личные ресурсы избегая собственных жертв. Их активность преобладает в ночное время суток и магия наиболее сильна при полной луне.', 'Внешне, отличаются от своих собратьев более темными оттенками волос от бордового, до черного или же темно-серого. Светловолосыми могут быть только полукровки. Рост у темных эльфов от 1,7-2 метров, цвет глаз различных оттенков. Цвет кожи либо белоснежный, либо чуть смуглый. Кончики ушей едва заострены, но гораздо меньше, чем у первородных инари.'),
('09a2167a-b963-4692-9312-1c0a1a33697c', 'Эльфы проклятой крови (Сарги)', 'Изгои и отщепенцы, которых отринул свой народ, считая слишком опасными и коварными существами в обличии эльфийских тел. Никто точно не знает, как они появились, поговаривая, что это проклятие или страшная болезнь, породившая нечестивую расу, которую побаиваются не только собственные прародители, но и некоторые существа других рас. Было множество сплетен, что недостойный эльф породил отвратительное дитя от лесного чудища или что это эксперименты изгнанных богов, но однажды первые эльфы крови, гонимые всеми создали свой ковен, отгородившись от всех и изучая запретные знания, которые мало кто отважится освоить, только изредко выходя во вне.', 'Кожа чаще серая или темная, практически не встречается светлых оттенков, цвет волос черный, либо серо-седой, иногда тусклый блонд, яркие цвета крайне редки либо волосы искусственно окрашены. Уши от 10-15 см длинной, цвет глаз необычен и примечателен, от красных, до полностью черных без белков. Рост 1,7-2 метров.'),
('5d26b98a-1b50-4290-89f4-d0f248c14017', 'Бесы', 'Стоят на самой низшей ступени иерархии, как и нолы, но в отличии от них, могут применять магию по своему уразумению. В Этернаше это обслуживающий персонал или рабы. Они не обладают умом, их деятельность не направлена на созидание, но все же имеют, хоть и небольшую, силу. Они, как и Демоны способны к телепортации и телекинезу, а также к телепатии.
Внешне напоминают людей и не имеют, за редким исключением, рогов и крыльев. Бесы страшно неряшливы и неопрятны, их очень тяжело заставить даже просто помыться. Они боязливы и страдают психопатией, становятся разносчиками сплетен и слухов, боятся и ненавидят Демонов, но вынуждены им подчиняться, так как по сравнению с ними, обделены силой. Так же склонны к анархизму, клептомании, различным извращениям и злоупотреблению дурманными средствами. Однако все это не мешает им считать себя самыми умными и достойными правителями Этернаша.', 'Внешность разнообразна, похожа на людскую, не имеют крыльев, иногда у беса может быть один маленький кривой рог. Чаще всего их внешний вид уродлив и отталкивает, но и с среди них встречаются относительно симпатичные.'),
('b7337d65-8b39-40a8-a2b6-8980e9e88871', 'Нолы', 'На одном уровне с бесами находятся Нолы. Они составляют рабочий класс и, в отличие от бесов, занимаются созиданием. Эта раса не обладает силой и магией, но наделена умом. Еще одним их отличием от бесов является опрятный внешний вид. Нолы, как и бесы, создают семьи, в которых могут рождаться не только Нолы, но и Демоны. Однако если в семье Демона рождается ребенок Нол, то он отправляется в свободное плавание, поскольку для Демона растить такого ребенка считается позорным. Для Нолов существуют специальные учреждения, где их бесплатно обучают тому или иному виду ремесла, которым они впоследствии занимаются.', 'Имеют различную внешность, могут быть похожи на демонов и на обычных людей, но их особенность — рожки, маленькие или большие. Не обладают крыльями, но при этом могут ходить с хвостом и копытами. Некоторых из них путают с сатирами.'),
('724e2301-1c74-4eab-8cd7-62f080385594', 'Оборотни (Ликаны)', 'Рожденные из ярости природы, ликантропы считались зараженными неизлечимым магическим вирусом, а потому первые люди, из которых они и произошли, методично уничтожали их, быстро сокращая поголовье хвостатых. В итоге все оборотни ушли в леса чтобы спастись от массового геноцида, потому что в клыкастой черепушке не угас вполне адекватный человеческий разум. Обратившись за помощью к эльфами Инари, были, после долгих разбирательств, приняты и поставлены на довольствие в обмен на безукоризненное соблюдение законов. Подвержены проклятью луны и если в сумерках проявляется её бледный диск, не способны контролировать обращение, но вполне могут себя удержать от излишней агрессии и рычат только, если блохи кусают. Чаще всего в такие периоды уходят в лес на охоту. Оборотней считают глуповатыми, но они верные друзья, которые будут с вами до конца. Продолжительность жизни от 300 до 500 лет.
(Обращение магическое)', 'В первой ипостаси имеют внешность обычного человека, когда принимают облик зверя, то превращаются в существ с удлиненными конечностями клыкастой пастью. Цвет глаз различен, от красных, синих и серебряных до желтых. Шерсть стандартных оттенков (черная, серая, рыжая, белая или смешанная)'),
('9cec10cb-95d3-40d5-a4a0-dfff17d14754', 'Вервольфы (Ворги)', 'Оборотень, способный обращаться в полноценного волка, но сильней и крупней лесного собрата. Проклятый магией человек сохранивший полное сознание своей принадлежности к людскому роду и только внешне походит на зверя. В волчьей ипостаси не может пользоваться магией или говорить, а так же зависим от звериных инстинктов. Обоняние, зрение и ловкость после превращения повышаются. Продолжительность жизни 250 лет.
(Обращение магическое)', 'Массивный волк около 1.6-2 метров в холке, окрас шерсти от черной до ярко-рыжей. В людском облике не отличим от простого человека, но в момент сильных переживаний радужка глаз начинает сужаться и казаться ярче.'),
('7e9b0169-b9ba-42b7-9638-c25cf48dfb6c', 'Кицуне (Дети леса)', 'По легенде лисы-оборотни произошли от самых обычных животных, которые получили благословение одной из Темных Богинь. Считаются умными и хитрыми созданиями, умеющими превращаться в людей по собственному желанию. Некоторые из них могут становиться невидимыми, если открыли для себя эту способность и имеют хорошие навыки к скрытности. Продолжительность жизни до 500 лет, в течении которых растут хвосты от 1 до 9 в зависимости от силы оборотня. Имеют тягу к клептомании, веселые и затейливые существа не обделенные тягой к творчеству. Из них получаются замечательные барды, воры и маги, но каждый из кицуне может выбрать свой путь.
(Обращение магическое)', 'В ипостаси зверя они выглядят как обычные лисицы, чуть крупнее лесных, но с дополнением в виде более длинных когтей и нескольких хвостов. Глаза с узким зрачком ярких оттенков и могут быть любыми, но чаще золотистые или карие. Шерсть рыжая, белая, черная, серая.'),
('14a2a980-ec72-495e-909c-c38bde0b3e5f', 'Спайды (Чудовищная ветвь)', 'Оборотни пауки являются одними из самых пугающих существ Сайлетраша, потому как многие люди уверены, что они порождения зла и коварства, наделенные человеческим мышлением и неукротимой яростью истребить все, что попадается им в зоне видимости. Правда только первое и на деле спайды могут быть вполне миролюбивыми, однако слухи и суеверия породили у людей страх, толкающий их изничтожать этих существ.
(Обращение физическое)', 'В человеческом облике похожи на обычных людей с присущей им внешностью, но сменив ипостась обращаются в большого паука ростом 1,5-3 метра и способны быстро перемещаться. Детеныши (0,5-1 метр). Окрас чаще черный, иногда красный, зеленый или фиолетовый с различными узорами или без оных. На основании головы мощные жвала, которыми удобно размалывать противника или пойманную добычу.'),
('3231843e-34e0-4414-9d4e-4cb305b1b1b3', 'Урсоки (Стражи)', 'В отличие от вервольфа, который изначально человек, и от лисы, которая изначально животное, от спайда, который изначально монстр по своей природе, медведь может быть зверем и человеком практически одновременно. Разумные существа, сильные, но неповоротливые и упертые. Если урсок вбил себе что-то в голову, то не отступится от этой идеи и будет твердить своё. Отличаются молчаливостью и хорошей памятью, а так же немалой физической мощью. Со старта игры всем урсокам доступна частичная трансформация и в человеческой форме они могут обратить в медвежью пальцы-когти, всю руку или голову. Не выносят, когда им дерзят, могут впасть в ярость.
(Обращение физическое)', 'В человеческом облике достаточно крепкие и широкоплечие с развитой мускулатурой и с добродушным видом, но обращаясь в зверя, становятся матерыми хищниками. Рост в холке составляет всего 1.3-1.5 метра, встав на задние лапы 2,3 метра. Окрас черный, бурый, серый или белый (что реже).'),
('26effc35-b19d-434e-bbbc-2bbf7237c77a', 'Самайны (Коты)', 'Скрытая раса!
Т.е. мало кто в мире о ней знает или слышал что либо.

Созданные изначально путём проведения гоблинами мистического тёмного ритуала, посвященного Симарангу. Самайны являются крайне молодым видом оборотней. Изначально многие из них были совершенно другими расами или видами оборотней это предполагает, что Самайном может стать почти любой, кроме демона, ведь этих существ не оказалось не одного среди жертв ритуала.
По шутке Симаранга, крайне необычны своим видом, и своей психикой (многие являются с особенностями, часто просто психами, неуравновешенными, а порой буйными и опасными). Совершенно все представители этого вида оборотней бисексуалы с пошлыми наклонностями и любители выпить/скурить чего веселого. Отличаются тем, что любой из представителей данного подвида оборотней может сменить свой пол в крайней ситуации для расы, или подстраиваясь под существо, что чем-то запало в душу.
(Обращение магическое)', 'В человеческом облике лицо и тело строение крайне женственное и миловидное, не зависимо от того, какого пола на данный момент Самайн, и настоящий пол можно определить только по наличию/отсутствию груди и по гениталиям.
В облике зверя чем-то похожи на мантикор. Обладают телом рыси, имеют крылья, что по строению напоминают крылья летучих мышей, но покрыты шерстью, на хвосте есть втягивающийся коготь выделяющий яд.'),
('e8a87310-adf3-49fa-b8cd-2958bad051ef', 'Варсоды (Чешуйчатые твари)', 'Скрытая раса!
Т.е. мало кто в мире о ней знает или слышал что либо.

Кровь от крови… Родная кровь драконам, но всё же намного слабее их. Варсоды, что некогда считались даже слабее низших драконов, ныне обрели сознание и способность обращаться в людей, пусть и не столь хорошую, как у других оборотней. Шутки ли богов, или просто стечение обстоятельств, а может драконы хотели стереть столь слабый род, который порочил их имя.
Очень продолжительное время взрослые особи, что уже могли отращивать крылья в человеческом облике, скрывались среди демонов, выдавая себя за представителей их расы. Но вот молодняк подрос, и буйный нрав варсод не даёт им спокойно сидеть и прятаться, дожидаясь пока отрастут крылья. Они решили открыто выйти в общество и заявить о себе миру, раскрывая свою расу. Они обладают 4 полами, у каждого из которых есть свои особенности.

В форме зверя на начало развития они имеют длину на 1 метр больше чем рост в гуманоидной форме. За каждый уровень расовых навыков к длине в форме зверя прибавляется ещё 1 метр.

PS: у некоторых варсодов половой орган расположен на хвосте и выдвигается в момент возбуждения (2 пол Кэрис, 3 пол, 4 пол Энио) 1 пол обделен этой особенностью.

1 пол (женщины)
Выглядят как девушки, способны к деторождению, по характеру очень мягкие и нежные, самые миролюбивые.
2 пол (Кэрис)
Выглядят как девушки, способны оплодотворять и рожать, по характеру очень энергичны, непосредственны и вспыльчивы.
3 пол (мужчины)
Выглядят как мужчины, способны оплодотворять и считаются самыми агрессивными в своем роде.
4 пол (Энио)
Выглядят как мужчины, способны к оплодотворению и деторождению, нечто среднее между 2 и 3 полом, но более спокойные.

(Обращение магическое)', 'Внешность: в человеческом облике выглядят как демоны и имеют атлетическое телосложение. Средний рост от 170 до 190 см, но особо крупные варсоды в человеческой ипостаси могут быть и выше 2х метров. Кожа в некоторых местах покрыта чешуйками, на голове растут рога, а также имеется хвост. Глаза яркие со змеиными зрачками.'),
('77fca75b-aeac-4cbc-a604-48d4c1ea6db9', 'Вампиры', 'Вампиры считаются одной из проклятых рас, порожденных одним великих богов — Симарангом. Своеобразные существа, при всей своей готической внешности не лишены юмора, хотя и могут притвориться хладными ледышками, напуская на себя излишнюю таинственность. Так уж вышло, что их кожа лишена защитного слоя, от чего они буквально пылают на солнце, покрываясь ужасной краснотой, волдырями и коростами. Но с приходом ночи эти клинические эстеты становятся активны и бодры, как мартовские коты по весне. Вампиры могут поглощать обычную пищу, как и представители иных рас, а большинство баек о них лишь наивные слухи или сплетни деревенских девок. Они отражаются в зеркалах, но у этих созданий жуткая аллергия на чеснок, серебро и золото, которая причиняет им немало неудобств. Обращение в вампира осуществляется посредством обмена крови, от простого укуса ничего не будет, разве что утоление жажды. Если вы выбрали эту расу, то обязательно нужно указать момент, когда были обращены, с помощью чего/кого им стали, либо прописать, что персонаж является рожденным вампиром.
Некоторые другие существа добровольно становятся донорами вампиров, кто за золото, кто ради удовольствия. Длительная связь вампира и донора может вызывать практически наркотическую зависимость друг от друга, отчего вампиры предпочитают иметь как можно больше доноров или пить кровь из сосудов. (см. Зависимость в Алхимии)', 'Вампиры обладают острыми клыками, бледной кожей и винным оттенком глаз, зрачки которых в момент голода или сильных эмоций сужаются, а радужка становится ярче. В остальном их внешность сходна с людской.'),
('04867fca-377d-4e80-a7ec-8f14ccf4bae8', 'Слаймы (Слизь)', 'Скрытая раса!
Т.е. мало кто в мире о ней знает или слышал что либо.

Слизни возникли всего несколько сотен лет назад, как проба своих сил богини Хинтеры. Сотворенные ею создания имеют крайне аморфные, полупрозрачные оболочки имеющие весьма условные внутренние органы и невероятно чувствительны к любым проявлениям энергии, в том числе и Эмоциям. к последним особенно, фактически подпитываясь от них и испытывая удовольствие равное силе эмоций вокруг.

По своей сути Слизни раса-паразит, требующие регулярной эмоциональной подпитки. Причем эмоции себе подобных им совершенно не подходят, только других существ, предпочтительно разумных. Так как пола в обычном понимании у расы нет вообще, размножаются они исключительно за счет партнера/жертвы, засеивая свои клетки при половом контакте. Партнер слайма становится инкубатором потомства перенося все признаки беременности в течении обычного времени, независимо от его пола. После обычного периода беременности (1 месяц) рождается один/два маленьких слизня, что способны сразу существовать самостоятельно.', 'Слизни в своей истинной сущности скорее живой сгусток желе. Прозрачные и склизкие, могут принять любую форму, точно желе. Средний Вес: 30-50 кг'),
('0abc8862-a5eb-419b-a868-4ce0af13e157', 'Фейри (дети природы и потомки Фей)', 'Фейри — таинственные создания, плод любви изначальных фей и иных рас. Некоторые черты своих родителей они все же унаследовали, но в той или иной форме подвержены тяге к природе. По характеру довольно импульсивны и эмоциональны. Они редко когда могут быть в полном спокойствии, либо же в моменты сильной усталости. Способны быть добрыми, нежными, ласковыми или же мстительными, страстными и жестокими.
Каждый Фейри считается полноправным гражданином Сильварума, где бы он не был рожден, он получит приют от Фей, что в свою очередь не делают различий между Феями и Фейри, считая их народы единым целым.', 'Яркие и не обычные по внешности. Их рост варьируется от 1 до 1,8метра. За спиной имеют полупрозрачные крылья на манер стрекозы или бабочки, они весьма чувствительные и при травме причиняют огромную боль своему обладателю. Кожа фейри порой блестит, волосы разных оттенков, голоса звонкие, манящие и чем-то цепляющие.'),
('ea6f4db1-656b-4e65-af46-d188caa65762', 'Планар огня', 'Сама суть огня и страсти. Помимо специфической внешности, в которой проявляются черты пламени или раскаленных углей, у этого вида Планаров непростой и довольно взрывной характер, но даже огонь можно приручить, если знать верный подход. Им особенно близка жгучая стихия и чаще всего Планар, потерявший свою магию, быстро чахнет и слабеет, пока не утратит последнюю крупицу жизни.', ''),
('b0f969a9-0234-4318-b25b-aa34f3704713', 'Планар воды', 'Одни из самых сильных водных магов и целителей, обуздавших силу водяного источника и познавшие его суть внутри себя. Они крайне чувствительны к воде и их магия возрастает в её близости. Внешне могут иметь некие черты стихии, такие как изморозь, лед или влага волос. Чаще всего их глаза цвета океана, а кожа бледная, почти прозрачная.', ''),
('1b36a11c-da94-46d2-a149-5896a2fc98aa', 'Планар воздуха', 'Легкие, непостоянные, всегда в своём особом ритме и неудержимы, если примут решение. Они подобно ветру — несутся на всех порах не видя преград. Нельзя напролом? Обойдут вокруг, но обязательно своего добьются. Весьма творческие и шебутные, им не присуща долгая грусть или же ледяное спокойствие.', ''),
('dd573469-5d53-4ec2-8fde-75e6ffde9c3b', 'Планар земли', 'Сила жизни и плодородия, что питает этих существ, наиболее ярко проявилась в их облике. На их коже порой можно рассмотреть стебли листьев, травы или же шероховатость камня. Зелень в глазах и твердость в поступках. Они весьма миролюбивы и внимательны, но если на то, что им дорого посягнули, то дадут такой отпор — мало не покажется.', ''),
('84733a58-2424-45e0-afbc-9fdc32b5fcbd', 'Нежить (Немертвые)', 'Монстры… Вечно бродящие по земле, оскверняя её только своим присутствием. Те, кого ненавидит сама богиня смерти, потому что вечное гниение немёртвых доставляет огромные проблемы даже ей. Нежить – бич мира, что ненавистен всему живому, потому что противоестественен. Никогда не должно было такого случаться... Но есть среди этих бесконечных орд неразумной нежити и индивиды, что сохранили свой рассудок. Хоть немного, но они оставили часть себя, не впадая в кровавое безумие, не стремясь поймать, убить и сожрать представителей живых, хоть для выживания им это и необходимо. По какой-то причине они не стали нежитью полностью, но уже и не являются живыми. В них теплиться сознание и при питании кожа и мясо могут даже регенерировать как у простых живых, но стоит перестать есть, как они начинают гнить. Постоянное и гниение может привести их к скорой гибели и полному обращению в нежить, от чего им необходимо есть сырую плоть как минимум раз в сутки.', 'Выглядят как представители разных рас, в зависимости от того, кем был при жизни немёртвый, но кожа бледна, а глаза заволакивает белёсая поволока. Даже в относительно целом состоянии от немёртвых исходит слабый трупный запах, который могут учуять звери или звероподобные, такие как оборотни.
При отсутствии пищи (сырого мяса) начинают гнить очень быстро и уже через сутки совершенно неотличимы от привычной нежити внешне.'),
('470b5087-be53-4582-b876-f34a84a51ad3', 'Чумные', 'Существа окончательно измененные охватившей Иридиум болезнью. Природа их тел безвозвратно приняла все изменения, лишая возможности когда-либо принять свой прежний облик и обращая существ в чудовища. По большей части чумные это сломанные, искаженные болезнью создания с ярко выраженными уродствами. Не симметричные, пугающие и опасные. Общая напасть заставляет их жить уединенно, либо собираться группами себе подобных. Кто они и откуда? Мало кому известно, но при одном их виде адекватного человека кидает в дрожь. Оказалось трупы чумных особенно сильно подвержены некрозу после смерти и с большей вероятностью встают как чудовищная нежить, чем другие расы.', ''),
('721e1f44-c2d8-4bd3-b673-6e6d4b8584c9', 'Мантисы (Инсектойды / Жуки)', 'Представители разумной расы насекомых, некогда которые были людьми или иными расами, но из-за ужасного проклятия Симаранга, эти существа обратились в хитиновые тела. Отличаются особенной преданностью к Сумасшедшему Шуту, так как он вложил в них верность и желание служить только ему, с которой сложно бороться. Каждый инсектойд подчиняется коллективной иерархии Роя, что интуитивно чувствует, особенно когда на него давит волей более старший собрат. Самый сильный, самый умный, самый хитрый – вот кто на вершине пищевой цепи. Во главе Роя стоит Королева Матка, являющаяся для Мантис Аватарой Симаранга.
Все жуки так или иначе полигамны, пол для них имеет значение только во время гона. Основная колония располагается в Субтерре, один улий есть в Этернаше и один в Пендрагоне.', ''),
('8ec4c091-12ee-4d2c-b54e-42ceee74b4d6', 'Орки', 'Суровая и самобытная раса орков представляет собой множество кочевых племён, во главе которых стоят вожди. Во главе же всех вождей стоит один Великий вождь, что выбирается состязанием силы.
Орки являются приверженцами пути силы и пытаются заполучить её любыми способами, будь то суровые тренировки, проживания в не самых благоприятных местах, схватки на смерть или же и вовсе клятвы богам. Не важно каким способом орк получит силу, ведь по идеологии орков наличие силы стирает всё что было совершено для её получения. Таким образом для них не важен путь, а важна только цель.
Однако из-за тяги к силе орки платят за неё цену своими жизнями, умирая в схватках, или же истощая своё тело Адскими тренировками.

Большинство племен орков обитают в пустошах Суббтерры, охотясь на чудовищ порожденных давней войной, некоторые племена разводят стада животных, как в пищу, так и боевых питомцев. Орки воины-кочевники. Даже тот же владелец стада должен быть сильным что бы защищать свое имущество. Если не можешь защитить, имуществом можешь стать сам. Куда реже можно столкнуться с племенем орков в других краях, кочующих в своем поиске силы. И уж точно встреча с орком в одном из городов «слабаков» станет невероятным событием.', 'Внешность орков отражает их неизмеримую тягу к силе: грубая и плотная кожа зелёных, коричневых или серых оттенков, витые канаты мышц, натренированные жестокими тренировками и условиями местности, зубы, более похожие на звериные и выступающее нижние клыки. Волосы имеют чёрный или каштановый цвет, особо редко бывают белые или рыжие. Рост орков так же выдающийся, ставя их почти что на ровне с демонами (от 1,80 м, до 2,4 м). Глаза чёрные, карие, зелёные, изредка жёлтые. Средняя продолжительность жизни 170 лет. Долгожители дотягивают до 200 лет'),
('89ae4f4a-21ba-4e6d-8096-085d9ef4f6ab', 'Флораны', 'Некогда бывшие высшими друидами, но постигшие полного сияния с природой и став её частью при помощи Нитариса, флораны отринули свои старые тела, чтобы переродится вновь. Они отныне напрямую связанны с природой и всячески стараются ей помогать и защищать, будь то простой уход за лесным зверьём, высадка новых деревьев, или же устранение опасностей, прибегая для этого к разным методам, как мирным, так и не очень.', 'Выглядят флораны как гуманоидные существа, тела которых созданы из трав, лиан, цветов, либо являясь отдельным живым растением. Вид их весьма и весьма разнообразен.'),
('78eebce5-6187-420e-8377-e8079a327936', 'Тренты', 'Если Флораны, это нежные цветы и травы, то тренты это могучие и крепкие деревья, что своей твердой корой и силой обычно защищают своих более хрупких и нежных товарищей.
Тренты отличаются крайне твёрдым и непоколебимым нравом, и их трудно как переубедить в споре так просто сдвинуть с места в бою, как пытаться выкорчевать из земли могучее древо. К своим сородичам, а так же к лесным эльфам (инари) и оборотням они относятся добродушно и снисходительно, как старшие товарищи к младшим.', 'Тела треантов выглядят так, словно искусный резчик по дереву вырезал их древесного массива, украсив лианами, цветами, дабы придать больше сходства с человеческими расами'),
('0b6d2bc4-6d4c-44e6-89e6-df55fb36abd3', 'Мицелы', 'Флораны, прекрасные существа и отличные лекари расы, а Тренты могучие защитники и воины… Но куда же народу без науки и тайных знаний? Мицелы в этом преуспели лучше всех. Крайне любопытные, хитрые и умные существа, порой делятся своими изысканиями, но бывает и обманывают, заводят в заблуждения, и путают.', 'Нежные своим телом и красотой, мицелы несут в себе черты грибов, что своими шляпками украшают их тела. Их тела часто покрыты слизистой плёнкой, словно маслом.');

insert into base_race_magic (race_id, magic_id)
values
('96f63a78-9854-4676-9df4-e6a19c9a8dde', 'e8e9b1b4-fb6b-4f1e-8b88-083e62bb9c13'),
('96f63a78-9854-4676-9df4-e6a19c9a8dde', '3f5f2b5d-859d-4471-9b55-1e4a0a4b6a0b'),
('96f63a78-9854-4676-9df4-e6a19c9a8dde', 'b4a59f7f-2dbe-4a14-b1cb-efa19d7022c0'),
('96f63a78-9854-4676-9df4-e6a19c9a8dde', 'd834b8a8-c7a3-4387-a7a6-1c59a4f0603b'),
('6bfeff20-95a2-4cc7-9da5-3ce6f9d0730d', 'c6d7e1b9-d456-4f3c-a2de-abe62c5c12a1'),
('6bfeff20-95a2-4cc7-9da5-3ce6f9d0730d', 'b73e5c84-0a6e-442a-95f8-8a4c7c3d4622'),
('09a2167a-b963-4692-9312-1c0a1a33697c', 'a5f4c3b8-fd9b-41ef-91e4-94b6291eabc3'),
('09a2167a-b963-4692-9312-1c0a1a33697c', '620d5d6b-91e7-4b6e-9cb6-1e2a3d04b3d5'),
('5d26b98a-1b50-4290-89f4-d0f248c14017', 'b73e5c84-0a6e-442a-95f8-8a4c7c3d4622'),
('5d26b98a-1b50-4290-89f4-d0f248c14017', 'd8f6e3a5-ef4b-4c2e-bd89-73a8e5c12d41'),
('724e2301-1c74-4eab-8cd7-62f080385594', 'c6d7e1b9-d456-4f3c-a2de-abe62c5c12a1'),
('9cec10cb-95d3-40d5-a4a0-dfff17d14754', '3f5f2b5d-859d-4471-9b55-1e4a0a4b6a0b'),
('9cec10cb-95d3-40d5-a4a0-dfff17d14754', 'b4a59f7f-2dbe-4a14-b1cb-efa19d7022c0'),
('9cec10cb-95d3-40d5-a4a0-dfff17d14754', 'd834b8a8-c7a3-4387-a7a6-1c59a4f0603b'),
('7e9b0169-b9ba-42b7-9638-c25cf48dfb6c', 'b73e5c84-0a6e-442a-95f8-8a4c7c3d4622'),
('7e9b0169-b9ba-42b7-9638-c25cf48dfb6c', 'e8e9b1b4-fb6b-4f1e-8b88-083e62bb9c13'),
('7e9b0169-b9ba-42b7-9638-c25cf48dfb6c', '3f5f2b5d-859d-4471-9b55-1e4a0a4b6a0b'),
('7e9b0169-b9ba-42b7-9638-c25cf48dfb6c', 'b4a59f7f-2dbe-4a14-b1cb-efa19d7022c0'),
('7e9b0169-b9ba-42b7-9638-c25cf48dfb6c', 'd834b8a8-c7a3-4387-a7a6-1c59a4f0603b'),
('7e9b0169-b9ba-42b7-9638-c25cf48dfb6c', 'b4e3f7a1-dc8f-4e91-aad8-25e7a7b123f0'),
('14a2a980-ec72-495e-909c-c38bde0b3e5f', 'b4e3f7a1-dc8f-4e91-aad8-25e7a7b123f0'),
('14a2a980-ec72-495e-909c-c38bde0b3e5f', 'c6d7e1b9-d456-4f3c-a2de-abe62c5c12a1'),
('3231843e-34e0-4414-9d4e-4cb305b1b1b3', '53a8e5fc-04b5-4b92-9a1e-7cb5c88c6b4f'),
('3231843e-34e0-4414-9d4e-4cb305b1b1b3', 'e8e9b1b4-fb6b-4f1e-8b88-083e62bb9c13'),
('3231843e-34e0-4414-9d4e-4cb305b1b1b3', '3f5f2b5d-859d-4471-9b55-1e4a0a4b6a0b'),
('3231843e-34e0-4414-9d4e-4cb305b1b1b3', 'b4a59f7f-2dbe-4a14-b1cb-efa19d7022c0'),
('3231843e-34e0-4414-9d4e-4cb305b1b1b3', 'd834b8a8-c7a3-4387-a7a6-1c59a4f0603b'),
('26effc35-b19d-434e-bbbc-2bbf7237c77a', 'b73e5c84-0a6e-442a-95f8-8a4c7c3d4622'),
('26effc35-b19d-434e-bbbc-2bbf7237c77a', 'd834b8a8-c7a3-4387-a7a6-1c59a4f0603b'),
('26effc35-b19d-434e-bbbc-2bbf7237c77a', 'b4a59f7f-2dbe-4a14-b1cb-efa19d7022c0'),
('26effc35-b19d-434e-bbbc-2bbf7237c77a', '3f5f2b5d-859d-4471-9b55-1e4a0a4b6a0b'),
('26effc35-b19d-434e-bbbc-2bbf7237c77a', 'e8e9b1b4-fb6b-4f1e-8b88-083e62bb9c13'),
('e8a87310-adf3-49fa-b8cd-2958bad051ef', 'e8e9b1b4-fb6b-4f1e-8b88-083e62bb9c13'),
('e8a87310-adf3-49fa-b8cd-2958bad051ef', '3f5f2b5d-859d-4471-9b55-1e4a0a4b6a0b'),
('e8a87310-adf3-49fa-b8cd-2958bad051ef', 'b4a59f7f-2dbe-4a14-b1cb-efa19d7022c0'),
('e8a87310-adf3-49fa-b8cd-2958bad051ef', 'd834b8a8-c7a3-4387-a7a6-1c59a4f0603b'),
('77fca75b-aeac-4cbc-a604-48d4c1ea6db9', 'a5f4c3b8-fd9b-41ef-91e4-94b6291eabc3'),
('04867fca-377d-4e80-a7ec-8f14ccf4bae8', 'b4e3f7a1-dc8f-4e91-aad8-25e7a7b123f0'),
('ea6f4db1-656b-4e65-af46-d188caa65762', 'e8e9b1b4-fb6b-4f1e-8b88-083e62bb9c13'),
('b0f969a9-0234-4318-b25b-aa34f3704713', '3f5f2b5d-859d-4471-9b55-1e4a0a4b6a0b'),
('1b36a11c-da94-46d2-a149-5896a2fc98aa', 'd834b8a8-c7a3-4387-a7a6-1c59a4f0603b'),
('dd573469-5d53-4ec2-8fde-75e6ffde9c3b', 'b4a59f7f-2dbe-4a14-b1cb-efa19d7022c0'),
('dd573469-5d53-4ec2-8fde-75e6ffde9c3b', '53a8e5fc-04b5-4b92-9a1e-7cb5c88c6b4f'),
('84733a58-2424-45e0-afbc-9fdc32b5fcbd', 'a5f4c3b8-fd9b-41ef-91e4-94b6291eabc3'),
('84733a58-2424-45e0-afbc-9fdc32b5fcbd', '620d5d6b-91e7-4b6e-9cb6-1e2a3d04b3d5'),
('470b5087-be53-4582-b876-f34a84a51ad3', 'a5f4c3b8-fd9b-41ef-91e4-94b6291eabc3'),
('470b5087-be53-4582-b876-f34a84a51ad3', 'e2a9c7d1-df8a-451c-bfd3-14c6b7a5f234'),
('470b5087-be53-4582-b876-f34a84a51ad3', '620d5d6b-91e7-4b6e-9cb6-1e2a3d04b3d5'),
('721e1f44-c2d8-4bd3-b673-6e6d4b8584c9', 'c6d7e1b9-d456-4f3c-a2de-abe62c5c12a1'),
('721e1f44-c2d8-4bd3-b673-6e6d4b8584c9', 'a5f4c3b8-fd9b-41ef-91e4-94b6291eabc3'),
('721e1f44-c2d8-4bd3-b673-6e6d4b8584c9', 'e2a9c7d1-df8a-451c-bfd3-14c6b7a5f234'),
('8ec4c091-12ee-4d2c-b54e-42ceee74b4d6', 'e8f9c7d2-df8a-451d-bfd3-14c6b7a5f234'),
('8ec4c091-12ee-4d2c-b54e-42ceee74b4d6', '53a8e5fc-04b5-4b92-9a1e-7cb5c88c6b4f'),
('8ec4c091-12ee-4d2c-b54e-42ceee74b4d6', '620d5d6b-91e7-4b6e-9cb6-1e2a3d04b3d5'),
('89ae4f4a-21ba-4e6d-8096-085d9ef4f6ab', '3f5f2b5d-859d-4471-9b55-1e4a0a4b6a0b'),
('89ae4f4a-21ba-4e6d-8096-085d9ef4f6ab', 'b4a59f7f-2dbe-4a14-b1cb-efa19d7022c0'),
('89ae4f4a-21ba-4e6d-8096-085d9ef4f6ab', 'd834b8a8-c7a3-4387-a7a6-1c59a4f0603b'),
('89ae4f4a-21ba-4e6d-8096-085d9ef4f6ab', '53a8e5fc-04b5-4b92-9a1e-7cb5c88c6b4f'),
('78eebce5-6187-420e-8377-e8079a327936', '53a8e5fc-04b5-4b92-9a1e-7cb5c88c6b4f'),
('78eebce5-6187-420e-8377-e8079a327936', 'd834b8a8-c7a3-4387-a7a6-1c59a4f0603b'),
('78eebce5-6187-420e-8377-e8079a327936', 'b4a59f7f-2dbe-4a14-b1cb-efa19d7022c0'),
('78eebce5-6187-420e-8377-e8079a327936', '3f5f2b5d-859d-4471-9b55-1e4a0a4b6a0b'),
('0b6d2bc4-6d4c-44e6-89e6-df55fb36abd3', '53a8e5fc-04b5-4b92-9a1e-7cb5c88c6b4f'),
('0b6d2bc4-6d4c-44e6-89e6-df55fb36abd3', 'b4a59f7f-2dbe-4a14-b1cb-efa19d7022c0'),
('0b6d2bc4-6d4c-44e6-89e6-df55fb36abd3', '3f5f2b5d-859d-4471-9b55-1e4a0a4b6a0b');

insert into unavailable_race_magic (race_id, magic_id)
values
('c6bf08ee-393f-46f6-8339-4124fb69f98b', 'e8e9b1b4-fb6b-4f1e-8b88-083e62bb9c13'),
('c6bf08ee-393f-46f6-8339-4124fb69f98b', '3f5f2b5d-859d-4471-9b55-1e4a0a4b6a0b'),
('c6bf08ee-393f-46f6-8339-4124fb69f98b', 'b4a59f7f-2dbe-4a14-b1cb-efa19d7022c0'),
('c6bf08ee-393f-46f6-8339-4124fb69f98b', 'd834b8a8-c7a3-4387-a7a6-1c59a4f0603b'),
('c6bf08ee-393f-46f6-8339-4124fb69f98b', 'b73e5c84-0a6e-442a-95f8-8a4c7c3d4622'),
('c6bf08ee-393f-46f6-8339-4124fb69f98b', '2c85b97d-4584-4f76-b1fa-66d2c2a38f30'),
('c6bf08ee-393f-46f6-8339-4124fb69f98b', '53a8e5fc-04b5-4b92-9a1e-7cb5c88c6b4f'),
('c6bf08ee-393f-46f6-8339-4124fb69f98b', '620d5d6b-91e7-4b6e-9cb6-1e2a3d04b3d5'),
('c6bf08ee-393f-46f6-8339-4124fb69f98b', 'c6d7e1b9-d456-4f3c-a2de-abe62c5c12a1'),
('c6bf08ee-393f-46f6-8339-4124fb69f98b', 'a5f4c3b8-fd9b-41ef-91e4-94b6291eabc3'),
('c6bf08ee-393f-46f6-8339-4124fb69f98b', 'b4e3f7a1-dc8f-4e91-aad8-25e7a7b123f0'),
('c6bf08ee-393f-46f6-8339-4124fb69f98b', 'd8f6e3a5-ef4b-4c2e-bd89-73a8e5c12d41'),
('c6bf08ee-393f-46f6-8339-4124fb69f98b', 'e2a9c7d1-df8a-451c-bfd3-14c6b7a5f234'),
('c6bf08ee-393f-46f6-8339-4124fb69f98b', 'f1d3c5b7-dc6f-4e3b-bfd4-65b7a7f123e5'),
('c6bf08ee-393f-46f6-8339-4124fb69f98b', 'e8f9c7d2-df8a-451d-bfd3-14c6b7a5f234'),
('6bfeff20-95a2-4cc7-9da5-3ce6f9d0730d', '2c85b97d-4584-4f76-b1fa-66d2c2a38f30'),
('09a2167a-b963-4692-9312-1c0a1a33697c', 'b4a59f7f-2dbe-4a14-b1cb-efa19d7022c0'),
('09a2167a-b963-4692-9312-1c0a1a33697c', '2c85b97d-4584-4f76-b1fa-66d2c2a38f30'),
('09a2167a-b963-4692-9312-1c0a1a33697c', '53a8e5fc-04b5-4b92-9a1e-7cb5c88c6b4f'),
('5d26b98a-1b50-4290-89f4-d0f248c14017', '2c85b97d-4584-4f76-b1fa-66d2c2a38f30'),
('5d26b98a-1b50-4290-89f4-d0f248c14017', '53a8e5fc-04b5-4b92-9a1e-7cb5c88c6b4f'),
('b7337d65-8b39-40a8-a2b6-8980e9e88871', 'e8e9b1b4-fb6b-4f1e-8b88-083e62bb9c13'),
('b7337d65-8b39-40a8-a2b6-8980e9e88871', '3f5f2b5d-859d-4471-9b55-1e4a0a4b6a0b'),
('b7337d65-8b39-40a8-a2b6-8980e9e88871', 'b4a59f7f-2dbe-4a14-b1cb-efa19d7022c0'),
('b7337d65-8b39-40a8-a2b6-8980e9e88871', 'd834b8a8-c7a3-4387-a7a6-1c59a4f0603b'),
('b7337d65-8b39-40a8-a2b6-8980e9e88871', 'b73e5c84-0a6e-442a-95f8-8a4c7c3d4622'),
('b7337d65-8b39-40a8-a2b6-8980e9e88871', '2c85b97d-4584-4f76-b1fa-66d2c2a38f30'),
('b7337d65-8b39-40a8-a2b6-8980e9e88871', '53a8e5fc-04b5-4b92-9a1e-7cb5c88c6b4f'),
('b7337d65-8b39-40a8-a2b6-8980e9e88871', '620d5d6b-91e7-4b6e-9cb6-1e2a3d04b3d5'),
('b7337d65-8b39-40a8-a2b6-8980e9e88871', 'c6d7e1b9-d456-4f3c-a2de-abe62c5c12a1'),
('b7337d65-8b39-40a8-a2b6-8980e9e88871', 'a5f4c3b8-fd9b-41ef-91e4-94b6291eabc3'),
('b7337d65-8b39-40a8-a2b6-8980e9e88871', 'b4e3f7a1-dc8f-4e91-aad8-25e7a7b123f0'),
('b7337d65-8b39-40a8-a2b6-8980e9e88871', 'd8f6e3a5-ef4b-4c2e-bd89-73a8e5c12d41'),
('b7337d65-8b39-40a8-a2b6-8980e9e88871', 'e2a9c7d1-df8a-451c-bfd3-14c6b7a5f234'),
('b7337d65-8b39-40a8-a2b6-8980e9e88871', 'f1d3c5b7-dc6f-4e3b-bfd4-65b7a7f123e5'),
('b7337d65-8b39-40a8-a2b6-8980e9e88871', 'e8f9c7d2-df8a-451d-bfd3-14c6b7a5f234'),
('724e2301-1c74-4eab-8cd7-62f080385594', '620d5d6b-91e7-4b6e-9cb6-1e2a3d04b3d5'),
('9cec10cb-95d3-40d5-a4a0-dfff17d14754', 'e8e9b1b4-fb6b-4f1e-8b88-083e62bb9c13'),
('7e9b0169-b9ba-42b7-9638-c25cf48dfb6c', 'a5f4c3b8-fd9b-41ef-91e4-94b6291eabc3'),
('14a2a980-ec72-495e-909c-c38bde0b3e5f', '620d5d6b-91e7-4b6e-9cb6-1e2a3d04b3d5'),
('3231843e-34e0-4414-9d4e-4cb305b1b1b3', '620d5d6b-91e7-4b6e-9cb6-1e2a3d04b3d5'),
('3231843e-34e0-4414-9d4e-4cb305b1b1b3', 'a5f4c3b8-fd9b-41ef-91e4-94b6291eabc3'),
('26effc35-b19d-434e-bbbc-2bbf7237c77a', '2c85b97d-4584-4f76-b1fa-66d2c2a38f30'),
('77fca75b-aeac-4cbc-a604-48d4c1ea6db9', 'e8e9b1b4-fb6b-4f1e-8b88-083e62bb9c13'),
('77fca75b-aeac-4cbc-a604-48d4c1ea6db9', '2c85b97d-4584-4f76-b1fa-66d2c2a38f30'),
('04867fca-377d-4e80-a7ec-8f14ccf4bae8', 'a5f4c3b8-fd9b-41ef-91e4-94b6291eabc3'),
('04867fca-377d-4e80-a7ec-8f14ccf4bae8', 'e2a9c7d1-df8a-451c-bfd3-14c6b7a5f234'),
('04867fca-377d-4e80-a7ec-8f14ccf4bae8', 'e8e9b1b4-fb6b-4f1e-8b88-083e62bb9c13'),
('0abc8862-a5eb-419b-a868-4ce0af13e157', '620d5d6b-91e7-4b6e-9cb6-1e2a3d04b3d5'),
('ea6f4db1-656b-4e65-af46-d188caa65762', '3f5f2b5d-859d-4471-9b55-1e4a0a4b6a0b'),
('ea6f4db1-656b-4e65-af46-d188caa65762', '620d5d6b-91e7-4b6e-9cb6-1e2a3d04b3d5'),
('b0f969a9-0234-4318-b25b-aa34f3704713', 'e8e9b1b4-fb6b-4f1e-8b88-083e62bb9c13'),
('b0f969a9-0234-4318-b25b-aa34f3704713', '620d5d6b-91e7-4b6e-9cb6-1e2a3d04b3d5'),
('1b36a11c-da94-46d2-a149-5896a2fc98aa', 'b4a59f7f-2dbe-4a14-b1cb-efa19d7022c0'),
('1b36a11c-da94-46d2-a149-5896a2fc98aa', '620d5d6b-91e7-4b6e-9cb6-1e2a3d04b3d5'),
('dd573469-5d53-4ec2-8fde-75e6ffde9c3b', 'd834b8a8-c7a3-4387-a7a6-1c59a4f0603b'),
('dd573469-5d53-4ec2-8fde-75e6ffde9c3b', '620d5d6b-91e7-4b6e-9cb6-1e2a3d04b3d5'),
('84733a58-2424-45e0-afbc-9fdc32b5fcbd', '53a8e5fc-04b5-4b92-9a1e-7cb5c88c6b4f'),
('84733a58-2424-45e0-afbc-9fdc32b5fcbd', 'b73e5c84-0a6e-442a-95f8-8a4c7c3d4622'),
('84733a58-2424-45e0-afbc-9fdc32b5fcbd', '2c85b97d-4584-4f76-b1fa-66d2c2a38f30'),
('84733a58-2424-45e0-afbc-9fdc32b5fcbd', 'd834b8a8-c7a3-4387-a7a6-1c59a4f0603b'),
('84733a58-2424-45e0-afbc-9fdc32b5fcbd', 'b4a59f7f-2dbe-4a14-b1cb-efa19d7022c0'),
('84733a58-2424-45e0-afbc-9fdc32b5fcbd', '3f5f2b5d-859d-4471-9b55-1e4a0a4b6a0b'),
('84733a58-2424-45e0-afbc-9fdc32b5fcbd', 'e8e9b1b4-fb6b-4f1e-8b88-083e62bb9c13'),
('470b5087-be53-4582-b876-f34a84a51ad3', '53a8e5fc-04b5-4b92-9a1e-7cb5c88c6b4f'),
('470b5087-be53-4582-b876-f34a84a51ad3', '2c85b97d-4584-4f76-b1fa-66d2c2a38f30'),
('470b5087-be53-4582-b876-f34a84a51ad3', 'b73e5c84-0a6e-442a-95f8-8a4c7c3d4622'),
('470b5087-be53-4582-b876-f34a84a51ad3', 'd834b8a8-c7a3-4387-a7a6-1c59a4f0603b'),
('470b5087-be53-4582-b876-f34a84a51ad3', 'b4a59f7f-2dbe-4a14-b1cb-efa19d7022c0'),
('470b5087-be53-4582-b876-f34a84a51ad3', '3f5f2b5d-859d-4471-9b55-1e4a0a4b6a0b'),
('470b5087-be53-4582-b876-f34a84a51ad3', 'e8e9b1b4-fb6b-4f1e-8b88-083e62bb9c13'),
('721e1f44-c2d8-4bd3-b673-6e6d4b8584c9', '620d5d6b-91e7-4b6e-9cb6-1e2a3d04b3d5'),
('721e1f44-c2d8-4bd3-b673-6e6d4b8584c9', '2c85b97d-4584-4f76-b1fa-66d2c2a38f30'),
('8ec4c091-12ee-4d2c-b54e-42ceee74b4d6', '2c85b97d-4584-4f76-b1fa-66d2c2a38f30'),
('8ec4c091-12ee-4d2c-b54e-42ceee74b4d6', 'b73e5c84-0a6e-442a-95f8-8a4c7c3d4622'),
('8ec4c091-12ee-4d2c-b54e-42ceee74b4d6', 'b4e3f7a1-dc8f-4e91-aad8-25e7a7b123f0'),
('8ec4c091-12ee-4d2c-b54e-42ceee74b4d6', 'c6d7e1b9-d456-4f3c-a2de-abe62c5c12a1'),
('8ec4c091-12ee-4d2c-b54e-42ceee74b4d6', 'd8f6e3a5-ef4b-4c2e-bd89-73a8e5c12d41'),
('89ae4f4a-21ba-4e6d-8096-085d9ef4f6ab', 'e8e9b1b4-fb6b-4f1e-8b88-083e62bb9c13'),
('89ae4f4a-21ba-4e6d-8096-085d9ef4f6ab', '620d5d6b-91e7-4b6e-9cb6-1e2a3d04b3d5'),
('89ae4f4a-21ba-4e6d-8096-085d9ef4f6ab', 'e2a9c7d1-df8a-451c-bfd3-14c6b7a5f234'),
('89ae4f4a-21ba-4e6d-8096-085d9ef4f6ab', 'a5f4c3b8-fd9b-41ef-91e4-94b6291eabc3'),
('78eebce5-6187-420e-8377-e8079a327936', 'e8e9b1b4-fb6b-4f1e-8b88-083e62bb9c13'),
('78eebce5-6187-420e-8377-e8079a327936', '620d5d6b-91e7-4b6e-9cb6-1e2a3d04b3d5'),
('78eebce5-6187-420e-8377-e8079a327936', 'e2a9c7d1-df8a-451c-bfd3-14c6b7a5f234'),
('78eebce5-6187-420e-8377-e8079a327936', 'f1d3c5b7-dc6f-4e3b-bfd4-65b7a7f123e5'),
('0b6d2bc4-6d4c-44e6-89e6-df55fb36abd3', 'e8e9b1b4-fb6b-4f1e-8b88-083e62bb9c13'),
('0b6d2bc4-6d4c-44e6-89e6-df55fb36abd3', '620d5d6b-91e7-4b6e-9cb6-1e2a3d04b3d5'),
('0b6d2bc4-6d4c-44e6-89e6-df55fb36abd3', 'e2a9c7d1-df8a-451c-bfd3-14c6b7a5f234'),
('0b6d2bc4-6d4c-44e6-89e6-df55fb36abd3', 'a5f4c3b8-fd9b-41ef-91e4-94b6291eabc3');

insert into race_ability (id, bonus, race_id, ability_id)
values
('fb0c9890-3e12-4541-b6c5-d938d03cde34', 1, '96f63a78-9854-4676-9df4-e6a19c9a8dde', 'a63fe46a-53ed-4d9d-9c84-3599c004da64'),
('0300bc37-d83e-48d6-b14f-106fa4a3cd78', 1, '96f63a78-9854-4676-9df4-e6a19c9a8dde', 'b58e9f7a-26a1-4423-9354-9286e82b80b8'),
('2cd2e08a-63b2-4c96-8b9f-5d1881a50812', 1, 'c6bf08ee-393f-46f6-8339-4124fb69f98b', 'a5e9c494-9218-4f56-ab80-a594eed7b835'),
('79f41800-8cde-4e8c-ba1c-0a12a721ef85', 1, 'c6bf08ee-393f-46f6-8339-4124fb69f98b', 'd017b327-bb4a-4e16-ba9a-7d6cc0f02f1a'),
('e40aa1f2-b59b-433e-95f5-5f4d5797833f', 1, '6bfeff20-95a2-4cc7-9da5-3ce6f9d0730d', 'a63fe46a-53ed-4d9d-9c84-3599c004da64'),
('7b687c46-a53d-41fd-ac06-579681e775ce', 1, '6bfeff20-95a2-4cc7-9da5-3ce6f9d0730d', 'a9c78db7-cc95-4c2e-8e46-13be3115f008'),
('c515f710-354c-4f21-a211-15573ff757bb', 1, '09a2167a-b963-4692-9312-1c0a1a33697c', 'a5e9c494-9218-4f56-ab80-a594eed7b835'),
('4db489fd-db36-4689-953b-784e1cd702a1', 1, '09a2167a-b963-4692-9312-1c0a1a33697c', '1ec4539e-5d7b-496b-bde5-19458edb7d38'),
('97033de4-7203-4bc4-950b-7e33dd86fef1', 1, '5d26b98a-1b50-4290-89f4-d0f248c14017', '1ec4539e-5d7b-496b-bde5-19458edb7d38'),
('8bd6d6c6-d810-447d-8fad-42e29b3c491d', 1, '5d26b98a-1b50-4290-89f4-d0f248c14017', '3dc02121-b270-454d-8d83-f7cbddc67ae9'),
('e945b462-8b19-4fb0-8de3-60c31e3cc4c6', 1, 'b7337d65-8b39-40a8-a2b6-8980e9e88871', 'a5e9c494-9218-4f56-ab80-a594eed7b835'),
('b11c8065-a6c6-4867-8afe-5fb25b25c49f', 1, 'b7337d65-8b39-40a8-a2b6-8980e9e88871', 'd017b327-bb4a-4e16-ba9a-7d6cc0f02f1a'),
('315bcfe7-3091-4833-900a-1f5873ca515c', 1, '724e2301-1c74-4eab-8cd7-62f080385594', '45d6b331-2679-41e0-9410-6bbbe498fb29'),
('785a18ea-72b8-4a94-ba13-26990ddbfcbf', 1, '724e2301-1c74-4eab-8cd7-62f080385594', 'dc9d6382-5e2e-4c82-97e3-c1d8b6d4f7c2'),
('7048bfe9-48fd-48f0-9d3e-9fb045116898', 1, '9cec10cb-95d3-40d5-a4a0-dfff17d14754', 'b51c0edf-041b-44d9-81df-57c709616f9b'),
('9bf025d8-2119-4eb2-a9c0-1d641efa3c9c', 1, '9cec10cb-95d3-40d5-a4a0-dfff17d14754', '45d6b331-2679-41e0-9410-6bbbe498fb29'),
('44e83dc9-5fab-40f9-9dcc-1e48ea1cf888', 1, '7e9b0169-b9ba-42b7-9638-c25cf48dfb6c', '1ec4539e-5d7b-496b-bde5-19458edb7d38'),
('a206ae92-e2bb-4882-b1ec-1a9fccca1d48', 1, '7e9b0169-b9ba-42b7-9638-c25cf48dfb6c', 'a19d2e78-4c5c-46e6-8a5f-74d6b38b8dc4'),
('dd6aab2d-9d18-4de4-be80-8c4e5d581719', 1, '14a2a980-ec72-495e-909c-c38bde0b3e5f', 'a9c78db7-cc95-4c2e-8e46-13be3115f008'),
('3c65ce66-3dee-4ac5-ac1e-a5d055968fe4', 1, '14a2a980-ec72-495e-909c-c38bde0b3e5f', '1ec4539e-5d7b-496b-bde5-19458edb7d38'),
('3628455f-410b-4e76-8f57-5e7eaba5586a', 1, '3231843e-34e0-4414-9d4e-4cb305b1b1b3', 'd017b327-bb4a-4e16-ba9a-7d6cc0f02f1a'),
('e0366472-ee3a-4387-832d-f281f2f3155e', 1, '3231843e-34e0-4414-9d4e-4cb305b1b1b3', 'b51c0edf-041b-44d9-81df-57c709616f9b'),
('bd7913de-7b4d-4c27-bf0a-47e48a2afc54', 1, '26effc35-b19d-434e-bbbc-2bbf7237c77a', 'c3eb2aaf-2b24-48b4-a50a-6f636acfb798'),
('b9523785-adf5-482f-80b4-e283b48727c0', 1, '26effc35-b19d-434e-bbbc-2bbf7237c77a', 'a9c78db7-cc95-4c2e-8e46-13be3115f008'),
('5afc5e78-a025-497f-a7da-aacd52c1d495', 1, 'e8a87310-adf3-49fa-b8cd-2958bad051ef', 'd017b327-bb4a-4e16-ba9a-7d6cc0f02f1a'),
('124df2fe-d513-4af4-b737-3c478787271e', 1, 'e8a87310-adf3-49fa-b8cd-2958bad051ef', 'a19d2e78-4c5c-46e6-8a5f-74d6b38b8dc4'),
('a2ccef1b-63a1-4ec0-87c4-d7ec7eb602c5', 1, '77fca75b-aeac-4cbc-a604-48d4c1ea6db9', 'a19d2e78-4c5c-46e6-8a5f-74d6b38b8dc4'),
('44c16e26-f55e-4ca5-992c-e3361a3c545f', 1, '77fca75b-aeac-4cbc-a604-48d4c1ea6db9', 'a9c78db7-cc95-4c2e-8e46-13be3115f008'),
('75fe654a-ab9d-4135-83f3-b74859096f20', 1, '04867fca-377d-4e80-a7ec-8f14ccf4bae8', 'a5e9c494-9218-4f56-ab80-a594eed7b835'),
('6d04f300-4893-467f-a2f3-f5948fd293f0', 1, '04867fca-377d-4e80-a7ec-8f14ccf4bae8', 'a19d2e78-4c5c-46e6-8a5f-74d6b38b8dc4'),
('c1cb8170-50da-4464-b278-227caa7d2c6f', 1, '0abc8862-a5eb-419b-a868-4ce0af13e157', 'a63fe46a-53ed-4d9d-9c84-3599c004da64'),
('2821bfb4-4c4e-45fd-9110-a5b2be901cc1', 1, '0abc8862-a5eb-419b-a868-4ce0af13e157', 'a9c78db7-cc95-4c2e-8e46-13be3115f008'),
('b02d7f70-5024-4c0a-b859-ea131771a2a9', 1, 'ea6f4db1-656b-4e65-af46-d188caa65762', 'a63fe46a-53ed-4d9d-9c84-3599c004da64'),
('df7c2aac-ac45-4815-b037-8cb4381e9e35', 1, 'ea6f4db1-656b-4e65-af46-d188caa65762', 'b51c0edf-041b-44d9-81df-57c709616f9b'),
('431e0950-4acd-43e4-a837-7d7cd66799df', 1, 'b0f969a9-0234-4318-b25b-aa34f3704713', 'a5e9c494-9218-4f56-ab80-a594eed7b835'),
('1d0ed7a3-b467-40af-8c61-3e25368dd6f2', 1, 'b0f969a9-0234-4318-b25b-aa34f3704713', 'a19d2e78-4c5c-46e6-8a5f-74d6b38b8dc4'),
('9fc52925-737e-436e-901c-c541f2dc6390', 1, '1b36a11c-da94-46d2-a149-5896a2fc98aa', '45d6b331-2679-41e0-9410-6bbbe498fb29'),
('43d582df-a311-47fa-8946-86af5c3c9d73', 1, '1b36a11c-da94-46d2-a149-5896a2fc98aa', 'a9c78db7-cc95-4c2e-8e46-13be3115f008'),
('9b1a70df-358c-402d-ba0e-f8f79bfff11d', 1, 'dd573469-5d53-4ec2-8fde-75e6ffde9c3b', 'a5e9c494-9218-4f56-ab80-a594eed7b835'),
('ba89bf0e-6d23-4621-b3bb-6a7b5e00e8b7', 1, 'dd573469-5d53-4ec2-8fde-75e6ffde9c3b', 'a19d2e78-4c5c-46e6-8a5f-74d6b38b8dc4'),
('23cb6ef9-0e64-417a-9234-02d6fe593449', 1, '84733a58-2424-45e0-afbc-9fdc32b5fcbd', 'b0ddfc6d-67ad-4a33-b4b8-1664bfb87a37'),
('1c718f6e-c866-4a5f-81b4-f9430089001b', 1, '84733a58-2424-45e0-afbc-9fdc32b5fcbd', 'b51c0edf-041b-44d9-81df-57c709616f9b'),
('6e3726f1-9460-42dc-be69-6182c329c26b', 1, '470b5087-be53-4582-b876-f34a84a51ad3', 'b51c0edf-041b-44d9-81df-57c709616f9b'),
('edde1dbd-bf19-478d-b8a3-3ed924599453', 1, '470b5087-be53-4582-b876-f34a84a51ad3', 'a9c78db7-cc95-4c2e-8e46-13be3115f008'),
('7caf45b1-b1a2-442d-b68a-9f0a2d22ec1f', 1, '721e1f44-c2d8-4bd3-b673-6e6d4b8584c9', '45d6b331-2679-41e0-9410-6bbbe498fb29'),
('0b037ad3-a1db-4f3c-a2aa-100e02da2ccb', 1, '721e1f44-c2d8-4bd3-b673-6e6d4b8584c9', 'a9c78db7-cc95-4c2e-8e46-13be3115f008'),
('abf0ef33-9073-41e5-9d5a-084d707b309b', 1, '8ec4c091-12ee-4d2c-b54e-42ceee74b4d6', 'd017b327-bb4a-4e16-ba9a-7d6cc0f02f1a'),
('de61d388-b921-4691-88e5-bfbd9c562c02', 1, '8ec4c091-12ee-4d2c-b54e-42ceee74b4d6', 'b51c0edf-041b-44d9-81df-57c709616f9b'),
('8a895b52-56e4-45e4-9917-db603bb1f2f1', 1, '89ae4f4a-21ba-4e6d-8096-085d9ef4f6ab', 'a63fe46a-53ed-4d9d-9c84-3599c004da64'),
('4f589546-b954-4b05-ae68-d633ee5a769b', 1, '89ae4f4a-21ba-4e6d-8096-085d9ef4f6ab', 'a19d2e78-4c5c-46e6-8a5f-74d6b38b8dc4'),
('da6c5582-b2fa-4102-9c27-c6c640d4c5ec', 1, '78eebce5-6187-420e-8377-e8079a327936', 'd017b327-bb4a-4e16-ba9a-7d6cc0f02f1a'),
('a17ba100-e662-456b-8ae8-167960497e3b', 1, '78eebce5-6187-420e-8377-e8079a327936', 'b51c0edf-041b-44d9-81df-57c709616f9b'),
('3210fc4a-760f-4df3-b286-1b9ffe0c8bf0', 1, '0b6d2bc4-6d4c-44e6-89e6-df55fb36abd3', 'a63fe46a-53ed-4d9d-9c84-3599c004da64'),
('ade9fd96-10a0-4f77-a9d7-5da4cb89dedc', 1, '0b6d2bc4-6d4c-44e6-89e6-df55fb36abd3', 'c3a2d634-cd35-4e30-a17d-1b95e0159855');